{"cameraMode":{"drawMode":0,"name":"Shaded","section":"Shading Mode"},"sceneLighting":false,"audioPlay":false,"sceneViewState":{"m_AlwaysRefresh":false,"showFog":true,"showSkybox":false,"showFlares":true,"showImageEffects":true,"showParticleSystems":true,"showVisualEffectGraphs":true,"m_FxEnabled":true},"in2DMode":false,"pivot":{"x":-21.256088256835939,"y":22.499385833740236,"z":0.4997138977050781},"rotation":{"x":-0.03208152949810028,"y":-0.030578752979636194,"z":-0.000985033460892737,"w":0.9990218281745911},"size":59.80818176269531,"orthographic":true}